{
    "test_auc": 0.9820256634168324,
    "best_val_auc": 0.9803685544516835,
    "num_nodes": 52944,
    "num_edges": 119704
}